X,Y,Label
0.1566018329963148,4.72575225373439,1
9.197612823218325,7.1942891287740816,1
9.917506172609961,4.823729911780818,1
3.3993183291310913,9.587841924252665,1
8.435082960835686,3.1702538072995887,1
7.471349409258078,1.2386480153324742,1
1.519889290506996,8.712482844255108,1
1.1047856908380338,2.259626106976543,1
3.10860757485809,1.5294248342681793,1
1.0735830058657558,0.6404932058066215,1
3.0974838095676116,4.777524346630473,1
8.484910197387816,0.9618503087597685,1
3.187825338504642,0.9176900056433768,1
6.786986599756411,0.39857768860644627,1
8.253766719561971,7.1739732442845465,1
5.590916421632972,1.9351776108497953,1
1.7938394459873341,1.373939582315622,1
1.9724664528040248,6.1262065764950595,1
8.52648093034203,4.571884933266586,1
5.380441855511623,3.143469342987842,0
4.429857752275809,1.557050995254603,1
5.621937281926597,2.024655116873971,0
7.9805791137514674,0.3604249802887316,1
4.106194568246052,2.707645532849204,0
3.875149745722201,1.6975341075967454,1
5.582245339646837,3.255705663287183,0
9.308834862648117,6.704471327339407,1
6.843678906646913,0.5855752434007833,1
5.058849303630094,4.390480841924981,0
5.690455720076924,9.044060301079135,1
0.29111206020597025,4.377077673967578,1
0.3624910354694344,7.2552657912302045,1
8.491157136110104,2.973319535478085,1
3.925052434041695,5.398677201395575,1
3.8055085880095554,3.9702051829365037,1
8.186663625325414,6.377327195699127,1
3.598747655829838,3.343399742591191,0
8.449337245482452,4.485980115715089,1
7.360097326861048,1.2143898698386546,1
2.2536764283302158,0.5651636240724489,1
9.238221592280496,9.4432790965548,1
5.1777849855186355,0.0036098034197529216,1
2.0382889581369668,9.64719318444619,1
1.969550116941724,5.994839805584679,1
8.403487684370102,3.168772941895063,1
2.126770400495992,5.961994524765145,1
1.111081222378656,1.9017569879690077,1
1.1577592761008626,6.960013087372376,1
7.420485032235023,0.5845334481190079,1
2.28657039758861,6.549883670948135,1
9.245319092973022,2.8796685974361957,1
8.57060968388279,4.642510952782772,1
5.700625977228878,0.4039563738980667,1
9.487879015382886,0.032540984492845926,1
3.5088412099218447,1.7423777575002541,1
8.783333211408106,8.199437610363928,1
6.76091574796228,9.650108645554347,1
5.103407536949765,0.2880631314738946,1
7.068473153145268,4.482592991690838,1
1.8214093338469084,0.6347014178309163,1
7.311350487210234,1.3431040846606368,1
1.2025344736133592,1.7330577422017068,1
2.8253299687288225,4.9309116675151765,1
5.574544334517798,7.570671877026486,1
0.4988817713629612,7.317767179676129,1
5.0934538148629285,5.022255116341964,1
1.1815687289012489,0.19097897135888275,1
0.15597296703004027,3.105624916172589,1
1.0417096792897496,8.790817556847122,1
6.151381207499275,8.16113971261409,1
4.27154822873237,2.6038793899069823,0
4.608885183286513,6.921902163544679,1
3.8204311156590287,6.84521175580036,1
3.4919744360884053,2.8513360818631583,0
3.4486428531831823,9.223986242768945,1
0.13637493488307895,1.6265543361722634,1
5.017454101604429,6.243040246369369,1
2.2436101461503,2.2637268535992727,1
4.299104509831184,8.246994511692968,1
3.4023925913263433,2.016526308440103,0
8.72667402354837,0.9361424537237495,1
4.911135282574479,2.971148611244836,0
5.085885513637637,1.3417428381680363,1
9.636287680419072,5.510115673310495,1
6.664235466342024,8.941690805852067,1
3.498481772608729,2.462947150369886,0
4.3137621595553455,2.9616471913685194,0
3.4603611319128023,8.523174583283867,1
4.990346443453651,2.950644077178101,0
8.446557790084569,4.118986618328883,1
5.381689865658949,6.9545211285761415,1
0.823761808890402,0.6557111211035704,1
4.1448645653039655,5.764864374220476,1
3.7664127875014017,4.272175952763602,1
9.46506738593793,1.667030800997611,1
1.2892210303174667,0.6297668378693788,1
3.308138393242225,1.7234855653298364,1
7.695261790071767,6.539321711963595,1
7.2534417060841445,8.171517197527141,1
6.445491834260376,0.9841325169166515,1
8.934844871511586,2.1675730610509647,1
9.615329618137247,4.783420530901534,1
8.047253474523073,7.332033206505184,1
6.27177826731815,0.2361116357273907,1
1.4968777948427248,7.655036626668561,1
7.5521267485164225,7.87761841438368,1
1.605267465443897,2.639484058892374,1
9.125330562879162,0.9067231694428657,1
9.06015542860495,9.934665196549098,1
2.705076011422264,3.504820751100215,1
4.1614726421331385,1.5799876361657805,1
2.6347291209350954,1.4971730368164349,1
8.680599948883872,0.8663648283263037,1
9.148685127974863,3.7091946629690566,1
3.8239109239256983,4.560261909445197,1
2.0959119632316225,2.1156342546704607,1
0.8899606676555771,9.467077169898209,1
2.5412930862812457,9.654860990930631,1
1.1175046643558018,0.8421930495328622,1
5.078997241986288,6.435762509269704,1
8.377233303200732,2.3986461970078086,1
0.8987460609703712,7.480877100701756,1
7.8828437879037185,8.9349028499897,1
5.824430752291549,2.2137341266901576,0
4.860957090866385,1.5556473949236604,1
8.290060287989172,3.0274381856881174,1
1.2118283351272419,3.61948868531465,1
6.129340738893965,8.155145825427642,1
4.916136848260567,2.1130852210597375,0
5.5536315109725,7.471661058440947,1
0.6335585644593267,9.059928125284918,1
6.070398558944432,5.101118922341285,1
5.9588614241457725,1.205466141757232,1
7.974872931134543,1.7908119211333495,1
5.9596072773454365,0.06827249419331105,1
1.1175376522255642,8.838244687769985,1
4.730030658633364,8.451198076482013,1
5.9000187661701045,5.421014776297461,1
4.177952822127703,6.161114333626808,1
9.35741917168425,4.148806510959958,1
4.301163233538504,8.280455803170435,1
7.017274363248664,8.449188753503075,1
3.846361952537314,9.450396794480302,1
8.192216102049919,8.435157793456812,1
0.49100632064114524,5.258733252438123,1
7.837116224935031,3.1376669154284342,1
5.219202784596977,1.146230046830149,1
4.948675629517717,5.490416320404252,1
7.396661822480965,1.881593689810035,1
6.582813903997562,9.296347582108327,1
4.9274741038312095,6.645716875772657,1
9.35928871370939,6.641332136093898,1
7.56286486612991,2.23787392408385,0
7.466672605458431,2.737791065662354,1
1.830388710854829,8.10783841143155,1
2.1952433803484284,0.9630151455079627,1
0.9339102870666838,6.733572226495209,1
8.855201980773682,3.066908984427472,1
5.101380858212504,0.6899451410863089,1
7.442182819646609,7.966819430325266,1
9.86774858408416,8.5899744548725,1
3.345473882275604,0.04639257202219693,1
2.4866805289431717,0.2712314135854277,1
6.354225086165784,6.62760309653602,1
1.6203453434041504,9.323046985359976,1
2.6388078328118123,5.643338531717394,1
1.8954474683013245,6.77693820040941,1
9.080605111135124,7.901987503546812,1
7.980040407938118,1.0439469848999716,1
8.119084080427305,0.18044117616473732,1
8.001019742794789,0.8081419218492802,1
1.1974248598025794,2.4198888956971967,1
6.324524965236521,7.100247866682569,1
0.7315292786685335,1.6006018149729617,1
0.07382239194902884,9.527197722577403,1
2.559664710373032,1.7459671004726063,1
0.21565674356032183,1.0404742192542071,1
0.08900285785912732,8.861167468231256,1
3.0374818291437675,0.7929347499146,1
5.909030475553423,8.295418443806318,1
9.139905317816128,3.9774532526784667,1
1.2058831780516965,2.535232115278424,1
0.4565612179533385,8.509338795669715,1
6.967325870968098,3.409055275590881,1
1.445608694026037,4.433274055460902,1
7.395534766253186,0.14948105229367958,1
7.984521494270195,2.112616967043496,1
5.483818733604979,0.5887615110550548,1
2.2684776484967517,6.0114714203762905,1
6.090151956470756,1.5847064785043585,1
1.7458741520151477,5.977995579330296,1
3.2160960644320347,6.0454051251697996,1
4.265081145707164,6.030559228194572,1
7.507954867846683,9.779578515250758,1
8.057217150914367,6.6223135546736245,1
7.275699932063189,5.524946057447183,1
0.44999520047871,9.01353156103708,1
9.760393331973592,8.543375876745108,1
4.13230130791341,5.918259132719497,1
1.8427373119322288,1.5141873713876541,1
6.297342417184149,6.735378346907478,1
0.4346787969266852,2.0907927143320935,1
0.14731027327080537,3.714134772378712,1
6.477763007267445,7.730052691888231,1
6.311223124923611,4.42150174607961,1
4.7161586366402215,4.119571071398015,0
4.496552237584142,2.7418899552039013,0
8.972072347777047,8.968513367798842,1
7.023779147205863,3.106173279245091,1
1.756315314314898,2.4272223632639522,1
2.4668872260279784,9.930400552383976,1
0.37794024104390367,7.305920183206648,1
9.992693761823427,7.268881700357327,1
6.364061691192717,5.298737731390771,1
9.764215417464882,2.528444816888218,1
7.312900983166727,4.684855020836992,1
1.272230907440668,0.7165834689810346,1
6.599876066289438,5.875480431613921,1
4.539149141818034,2.438840845225425,0
0.39534962043165867,8.19728249851995,1
0.41180372482875205,1.0885610151843206,1
7.642512457721495,1.7454760289259519,1
7.8327439662871035,3.93938096098001,1
3.1100420247291813,5.899871087047676,1
0.5103899478123486,5.320420771867117,1
7.3918765368349675,1.3530471918876918,1
7.726272741625932,5.321936799182935,1
1.974013290387967,9.568441842726402,1
5.4023402477974685,0.5171212083030574,1
0.6863577866221326,8.997741994619547,1
9.270077990365152,9.410932187267163,1
8.638353009169247,8.997250016234096,1
9.654716851275063,0.1542810148850482,1
0.5201040174788707,2.3431704486883054,1
2.1116972399595912,6.701426069274586,1
3.4107051856093253,8.514898631447043,1
2.351203359813403,4.30476075538569,1
5.9869806247404265,7.414746978911081,1
9.688752119382345,8.531951086251006,1
4.151326622818056,9.458182978929994,1
6.408941308092847,3.3646964855031394,0
6.62462037596157,1.4263963464054497,1
1.592216252048918,2.764734778492981,1
0.2401295081952659,0.5960553301690041,1
5.361937322614301,2.946549275588295,0
7.139390600235816,5.020455097639651,1
5.834852433231413,2.9706752093095465,0
8.666364480943397,6.8490110453747,1
6.471194638799837,8.84387741328957,1
6.690670116551088,7.785841932123133,1
0.06297552695101793,4.0739230260872015,1
2.5709095231685,7.9487645921542205,1
0.619591852832424,2.3949109533476634,1
9.493731877063924,1.6450816865869378,1
6.5176517608113835,7.1964993785831854,1
6.303729317646972,2.318134966115375,0
2.366364912247847,2.203542384738105,0
6.733679461691461,9.658724211211979,1
9.469276001277882,2.1707717244515177,1
0.8569754560214404,8.831943765097494,1
0.6860225987378177,9.979574815916859,1
5.645056703305676,4.122336253017006,0
1.2873504267378688,8.674692669308257,1
8.722326579956697,8.672935640063987,1
8.129808390496425,1.2031221623614252,1
3.742892456090272,1.1418012226622398,1
0.898290913684574,3.2200062173650226,1
2.2931523358522155,5.9196823927995315,1
9.41510339991888,0.6546239411874422,1
5.19942909901402,7.838794874241771,1
1.7854186135492212,4.800917094203603,1
1.8813657995566968,7.684609109359169,1
8.841528692266108,5.335496909759416,1
1.9780886646657958,2.2867568326784182,1
1.0307515643648724,7.7207569601446995,1
0.2851708931125807,6.351734343403791,1
9.716560152741081,3.839687232182584,1
7.003042080349845,3.5654632229291607,1
7.894762869667632,6.307564377741889,1
7.677975895458675,3.604965042335826,1
1.1789465053757053,9.315465210758099,1
6.1442733231754065,7.514217250519664,1
3.6698561286883113,0.009728341472341473,1
4.871579970850729,5.824652743811216,1
5.4601392401000055,7.137825394619821,1
4.763236333937141,1.094108812914073,1
9.159115693242393,8.901216774026087,1
9.890214520452362,7.665459976978663,1
3.489651667730862,8.353485665370119,1
4.849344081696697,7.816841898339088,1
1.4808067223825039,7.536104863316665,1
6.486190927891115,6.654326535198138,1
1.8185899880666911,5.466246504123787,1
0.4483418750749757,6.310622866798674,1
3.2773557323236924,4.86519592715347,1
1.891357911733953,0.5485793953495799,1
6.8059033565503615,8.657194696611466,1
4.215127442993991,4.898164308629683,1
4.669239845711399,8.672718167232953,1
1.4817975327093469,6.3186055130310965,1
1.3032142639875577,2.222808005336434,1
1.691252850686863,1.902291925714682,1
0.6530568954094329,6.832558162441892,1
3.7030561217504654,8.91970491629062,1
4.770141721195959,3.0723591990635333,0
5.717077953503406,6.570572803647795,1
4.80280698323937,6.261087914043264,1
7.015921508646437,9.161109963030915,1
5.880981658472496,7.5187630355653,1
6.875810727443127,2.2247920252388633,0
1.2435966894057193,9.366341255653413,1
5.848345769264559,7.0211673455863295,1
7.330569145006604,4.911967970856099,1
7.067570999870149,0.21641167156443597,1
7.768297806564213,6.035211195430456,1
3.4290672017879364,6.60057063656388,1
5.340810800494262,5.946369329104603,1
4.248219633579202,5.360305760394216,1
6.601404711614585,4.4144239225056205,1
7.234174539655026,3.8793307716800243,1
2.930579698909428,7.290290550238623,1
0.9105492681227356,7.055283388265065,1
1.921991954166976,1.9517944700809153,1
4.37327362374217,7.192589760064234,1
8.774754569062827,1.117491376544344,1
0.6927800439983611,5.916844867348464,1
9.556487333884663,1.3874664270084902,1
5.276776127160646,9.447546219963256,1
2.1146575915906918,0.7328901316203318,1
4.673338035500752,8.782938451266372,1
3.5537040188785163,8.854267774176094,1
2.61902389579617,5.056806536857257,1
1.074588819055583,2.673284381892722,1
7.329249872549308,1.1912639667944824,1
5.610012393721719,9.94110479627654,1
0.002045957443870261,0.5054520383782102,1
1.602609903526493,6.010201091299167,1
5.383632939130896,7.478003827017057,1
7.925736238400953,3.586631263900867,1
1.7574600239673221,2.0427256872048174,1
3.567871942576004,9.785371827025282,1
2.5490186113441804,4.056667476249247,1
9.844551781458676,5.01479221516937,1
3.893729844322742,9.245358471847759,1
0.3697686857903315,6.198318859857846,1
2.165383886545479,9.89855071124364,1
1.7482968842562407,5.60981506620842,1
7.549792120337044,0.32097600353622746,1
4.562501809168812,0.6116332656679457,1
4.731690652552974,2.676966902927884,0
3.342443551164227,2.716641420698509,0
7.431641504998439,0.03135576340345114,1
8.344855568839938,3.5480489575478016,1
5.946076156867173,0.03885292450228395,1
7.555105734864876,9.492722818832673,1
1.311816008824691,0.6885879246823745,1
9.66225020001589,6.986275905385101,1
5.365531346582514,7.427435677391103,1
4.523088669515189,4.824535120467946,1
7.122399147868191,9.313874166297774,1
4.029028373574553,8.920848167153913,1
2.171995636845616,9.471050331323855,1
2.6258493934200597,5.627651267836069,1
9.205581392321962,5.557984135612749,1
4.921929831495922,3.9623593451613868,0
3.8569652798406526,9.91006983461634,1
1.4240399747590993,8.732124954740053,1
1.3890159166048888,3.2081001511887743,1
2.964417220487512,8.72285206301744,1
1.5472378208840476,3.3448259246405154,1
5.000690344096118,1.2963865286889986,1
2.594275649338286,0.46215951580234726,1
9.477557569202178,5.676344118844019,1
5.704393182528078,6.82385425295863,1
0.9976119798021921,8.143740456098154,1
1.1809918395406505,2.7438283370936634,1
3.307806578485659,8.808699063376162,1
4.9668863041046105,5.228036224053652,1
6.608042605592934,6.906576678400397,1
8.61719907750917,2.1183222104632007,1
5.08720551950857,9.766831807797486,1
4.650172268536145,7.731233491705827,1
6.517633596318808,3.7096394661408425,1
5.524805111951238,7.249394543929132,1
2.1534398301138413,2.0752935074264323,0
4.20238395848812,1.0291168002437012,1
5.466421855328388,9.457302309507543,1
0.3724607843759997,9.749531234966817,1
5.464716894644637,7.804566159782129,1
7.069488507616509,9.594065026941509,1
3.301410521720587,1.0710062023997602,1
5.616932640693607,1.153511315985234,1
9.30400054126449,0.8472080770272361,1
8.982729123341928,2.646839798553996,1
7.713075555587029,5.6942507888767215,1
3.6374415196393306,5.317689563801111,1
6.187418447829588,9.187406857196505,1
1.382862541297628,5.739220777973553,1
0.933838734899537,2.18392518857622,1
8.540839873103158,1.6270065201764394,1
8.751529084301175,2.670955805272418,1
7.529254333701236,1.776668100404526,1
3.191971743422859,7.643908752676118,1
7.983829699548432,1.6878477072129394,1
6.737769672508681,8.873714332834354,1
6.942267357428797,1.0987129441351495,1
0.8814141659554775,7.353593200921834,1
8.657168860151698,5.400122695975259,1
8.047902545835937,8.319073723106383,1
2.2680632381053902,0.7876654520083914,1
1.6724078582064206,3.1938910699778944,1
3.5947648026508636,3.286840676844054,0
5.92456427367005,0.17365130457780653,1
3.3068204842446414,7.252401202204978,1
0.118518953767357,2.3546693909664818,1
9.989035206179576,7.025673778539493,1
6.025631477324036,8.679430262438295,1
6.274378825613434,6.001671191506329,1
6.180282529445149,8.219423194911942,1
6.762747721305283,6.008340703693772,1
1.826533662721187,0.11957750927949484,1
8.0774154002406,6.648866055325185,1
1.1140516786277865,6.216850416375783,1
6.489924675032666,6.890364615311524,1
8.891438839649455,2.726688439605339,1
3.8470784714817876,5.274709177207186,1
7.237204867839491,4.5315810089711706,1
1.2656523437535694,5.576142578258421,1
0.9111578985075286,3.91871085453631,1
6.712039568281339,9.486628078059805,1
5.947874435737206,1.3031222840004797,1
3.0391624564533624,8.094283466818043,1
4.512541536445507,1.3043197136051699,1
4.550715504940537,4.184829367350845,0
0.4517322565322268,4.028600957208037,1
4.905901497290013,3.495633708864477,0
0.32766649691245764,1.5828056798265477,1
4.414238599158148,9.796593530036922,1
6.640895547539424,2.1471669467920727,0
1.580942482162191,9.564057453622258,1
9.344424892364902,4.336803218984055,1
2.530006084295189,7.368358061740155,1
5.096570255471492,0.7396393727149986,1
4.417048146406732,4.403974457982494,0
3.967282617436021,3.5423431895170356,0
8.171902690036582,5.461062180182827,1
8.282035061079204,6.972044124531943,1
5.791437540415676,8.26345027754959,1
1.3250328556876,8.302701694372617,1
6.023937378727223,4.52295437226409,1
6.2973749577985725,2.2824737749610824,0
1.556416211098225,1.019124272090186,1
6.5146350771768455,0.5367947970117437,1
0.6668239446419666,3.16734954998811,1
2.592044262299633,0.10410913592862614,1
7.743057612906718,5.989852270400501,1
0.35309134142932797,7.60071669777926,1
6.558931502622665,5.421963347426811,1
6.460891473703919,4.556588963103731,1
2.5583981716407322,4.34088884447965,1
1.3491961320217916,9.155178100843354,1
0.1570453127869198,0.9455589413491616,1
7.352212491570604,7.691883765681643,1
0.7869502637383208,9.256055773707153,1
7.204955214372025,4.567730377589971,1
8.732788225213879,1.0234053259607523,1
7.6717334734805265,8.97085787099108,1
3.809856481073189,0.6145055849843473,1
1.6109827081617323,9.713547806097779,1
2.4032689392669884,8.761264062665168,1
6.627390500367034,0.683156451891147,1
5.5987671074133685,7.345344501734633,1
8.34636154819796,7.929544065128812,1
8.720915319001,0.015658743583387702,1
5.923621349811329,6.909082832843273,1
1.6060080568654411,2.943854328650132,1
9.56949245062071,4.444131035743279,1
4.859878177847997,2.7506053927654395,0
5.546195699030063,1.2889530759835488,1
7.420549381318948,4.146241494031542,1
9.900595657717334,5.813561849957151,1
9.7362562094337,5.593790813732026,1
8.901393325030003,9.550711183279365,1
4.15305790373232,3.448386593915834,0
4.657343169991465,6.193665899056651,1
9.863544715740865,2.1340848058290787,1
6.667383899586163,0.5438264572449736,1
1.4578838716935871,2.8994270696822397,1
6.25545907514713,2.2321382328773334,0
3.307812545427491,7.676368683090608,1
3.391349505102643,0.708632959485036,1
5.583590991650461,1.180808476203269,1
9.417351902226612,7.698562345108946,1
5.955735597436376,1.8226532057075207,1
7.3464705982081995,0.5651713692947535,1
7.406281576290238,9.844814395796433,1
5.014550466329849,9.174163932988144,1
1.3466477020951362,3.8634702590954517,1
3.3561831995130853,5.003580014158456,1
7.287575934623915,8.688541365048328,1
6.322423121968904,3.556415633202846,0
0.6779649519671371,5.033800070910539,1
5.490989396800233,7.117591937048696,1
0.9066328481420771,5.221548780984087,1
5.089191564358306,4.238408223415103,0
2.2236001241259586,5.618046831893162,1
7.246080483053243,1.1408782964012854,1
6.778188650132224,6.486530804117841,1
0.2795077913383237,8.598601004550806,1
6.180237175245681,4.060197802585065,1
2.82647559671155,0.814296223133506,1
2.992363571744799,9.393943198688522,1
9.011169053191704,2.745942653895208,1
2.0638234908859374,6.1343648984445505,1
0.6038519770826867,6.515266114419993,1
7.975710247039776,3.003744965309858,1
4.370767211460757,0.4765551855372685,1
9.164265687022663,4.034784816841324,1
0.5704436660269618,5.714160401551133,1
1.7059782558195513,1.1713334454834012,1
9.395379855597183,1.686424590889567,1
4.1823261071542595,9.313467811539446,1
0.9637241210597081,2.0771332163180034,1
5.321229749247363,6.862456949034269,1
7.054804844113944,5.166998831791917,1
0.41143719445482785,2.0891244369384054,1
5.050304274069239,1.1250907797665655,1
1.4508542577028305,6.877513530926071,1
1.8590463151708636,9.441357858210974,1
7.440960816776188,7.126172190713889,1
9.520350509536984,7.784340313902542,1
8.482146833116143,2.198121940480311,1
3.3226812250294158,5.193419269767877,1
2.8028124574763478,8.88602933869912,1
4.736103090885191,6.664629658117055,1
2.9412546253146896,7.197930259785711,1
6.994456953929942,5.3506690760220375,1
3.5362915121354197,1.053179346839349,1
0.7973935936323939,2.504378204297936,1
0.8487963301089985,7.171929996354161,1
6.441736858248368,3.278903296756365,0
9.983322635580254,7.044324959615308,1
6.25874730584787,3.856201681883319,1
4.589299020425023,9.73984567307818,1
4.1073448760811315,3.287917681456314,0
0.32758134844391273,7.693813596929085,1
7.317316761057765,4.0954768510990025,1
8.435667793408538,5.631300365561885,1
5.005603442938662,5.865602268916784,1
3.6471691985567247,6.358792146430242,1
2.5700264440231377,4.075974344527724,1
1.3188674142859835,7.634735235636927,1
8.875233022662686,7.575288880588026,1
6.906696676395202,6.729050827166168,1
6.434768323040505,7.8574869122735596,1
8.974461595761456,3.829572709147815,1
0.6177577522917443,9.031423461871851,1
3.7765630545126525,2.1015468710485763,0
3.2446897059979407,0.7754445120580766,1
3.768159056624011,3.837363551269445,1
5.032740298356291,7.280537047080573,1
9.816591307106046,2.9027840523236783,1
5.560760303826775,2.3706720269672377,0
1.578368070823466,0.5147560542924834,1
9.390045473688048,8.373966593622841,1
3.4326062147878558,7.747818955353255,1
7.475061786636747,8.147893050428635,1
0.6630432406800257,8.6926527387525,1
0.5974005222221956,4.620419714366556,1
6.959564427840091,4.990419233440974,1
1.7717202576350444,4.198817611127311,1
5.5963594538253325,1.1916244478909221,1
6.870702349559102,8.20108914379684,1
1.9815092706696702,9.239929769145654,1
7.094685561415205,3.8130666884278632,1
3.9467762605945147,8.679384179081953,1
4.21934978821349,9.197339194049924,1
2.9687091469945406,8.604364811802695,1
5.155735896683592,6.319738891108296,1
6.2284570268228965,9.385467778263791,1
9.928978052866315,9.237739135492602,1
7.0400119648743775,4.105302496673124,1
4.816535121191458,4.545797897391903,0
1.7245976973854305,5.353131379038719,1
8.835176434878072,1.6493547892568616,1
3.5736717789915264,8.304424226865788,1
5.140408595809825,9.059177394818422,1
3.87462272311046,2.4729853809314664,0
9.687751561134215,4.290242269072038,1
4.108452054862423,2.1167974365395215,0
6.226616675700324,8.379830788250963,1
8.100557133737965,2.376909595860315,1
3.527276327756997,4.243545181572344,1
3.317692101052688,6.498183881114347,1
3.1266965073200224,6.668268960578054,1
9.778269069497043,5.689439305548981,1
9.730753110896504,3.3815617953708257,1
9.441856442337166,5.637461159175348,1
9.037961571457808,2.5332873077037856,1
7.89378252165435,6.410610796528241,1
7.373526050255105,4.850999866217141,1
0.9800400655984309,4.408297685764319,1
3.4134830387520987,2.647851639596419,0
5.335646221437493,4.165553611872646,0
9.882798526162253,6.510110391504977,1
9.55237678171407,6.332273010904956,1
4.401368135589511,9.21800254668659,1
6.976682301945778,9.419901445136974,1
2.387123750695644,9.883024840242783,1
9.31551164097992,7.874199182767185,1
4.791183805855095,2.1933047306373723,0
4.979354757413845,2.7864379036222022,0
3.7051143050229998,2.616086052743909,0
0.5245300409376452,0.24326721074746205,1
7.233609327020098,9.464547686439621,1
9.158077417947538,7.4341452634061,1
4.054392998141733,1.6451981477290223,1
0.7716911402973314,2.1810783900848287,1
8.341203157665165,7.014650258348282,1
7.694720481086796,9.468549594511432,1
9.653648721072113,2.3304202225088866,1
9.06390242429077,5.681955794078091,1
3.145734331726838,1.683150806186553,1
0.43585954394926074,6.987061548346272,1
4.865295177171109,1.51843681226145,1
9.933046188288323,1.1680418457909147,1
2.461959663983879,4.531337621697434,1
5.182087779890129,0.7003106663926217,1
2.7109245374346393,7.363019941653742,1
2.7353453496838878,1.0544787987291504,1
6.317988053206241,9.083888849673043,1
3.7048285452903507,5.952506948862059,1
5.64898580856442,9.29906139129729,1
9.365989721757336,8.307140397410953,1
3.2733261557097872,6.072352624078555,1
1.5786609243418614,8.898987270452519,1
4.255408196020031,6.39746552399398,1
2.769759530211815,0.8686813078406697,1
1.5521628453638014,2.203657574210621,1
1.0213200558708146,7.540199280395337,1
2.857274717389723,3.062021694484922,1
2.7118614300819157,9.339162186157994,1
0.934009373500243,3.279819117132509,1
2.685666783862276,5.5683189263592965,1
1.803597858240763,1.7039942188532498,1
9.87296502418445,1.0533484505581103,1
5.205544051397197,5.506054530662839,1
7.356562529758443,8.467931388352564,1
3.5657769257287786,4.531796182805172,1
9.014115074446433,6.954620877449221,1
1.4380776808579632,1.4425513615644525,1
7.965678020268239,4.72845907863149,1
8.99238187141635,1.3756763818055895,1
5.746232290594261,3.5616775081671515,0
9.445463372151568,4.530166908934143,1
1.10907845509706,9.412793206000002,1
4.865208803166596,0.16000343236082348,1
4.783172416045009,5.6565655762521985,1
7.102554628001652,8.555966003441252,1
9.668235321938196,0.8023706438673073,1
2.2382188337138875,5.103314006877956,1
3.501160689075676,1.8188747350906098,1
9.501539412552754,9.262564306542657,1
6.24355178980387,6.972769076243601,1
1.7430788369867167,2.9855263728627035,1
4.906987240865374,7.421864985723669,1
0.23756594833803546,7.021139713268848,1
8.105143961940538,1.0567614848228168,1
2.857962029771258,1.970342457633184,1
6.168682765455451,5.122017719308206,1
8.343802587344186,8.34053721524146,1
5.687135742772147,3.338202135685422,0
1.644453414410224,0.2025508337973414,1
3.0000333435907223,6.745375497913736,1
9.40140539726394,3.55525605102311,1
2.6089265317658725,4.552604074061239,1
5.234269149851702,2.4409767897457857,0
9.17489724359566,9.20801767808647,1
2.6489249522823344,7.304229448840674,1
2.7035124269006348,0.22323764585645,1
9.239058517903233,8.158732186310324,1
6.840244381073206,2.4870487100361274,0
7.179050244527584,6.939871274649017,1
9.2235292191272,8.863462734315362,1
0.43908724583711756,0.44379456599038414,1
5.375758992761796,9.840570322742922,1
2.3493123091145973,0.21884494680453281,1
0.15798258332900605,7.019396874901812,1
9.601214301955634,4.053412794703657,1
2.3123126553954587,5.011583852542781,1
3.225074289590922,4.610308007797096,1
6.265804410662295,1.4886451722791505,1
6.54236549629565,8.474689753104345,1
2.843875323887861,2.062632699663415,0
5.948310107701845,0.3811907387078761,1
2.5235413646222957,6.426240233083086,1
4.142548218633272,9.048139393586364,1
1.4136778800044847,7.849961694618864,1
8.386022242090496,3.636543866282267,1
3.0944595256272853,7.4598465500332996,1
4.009957924606468,6.856577296396487,1
1.1986568549030696,9.675504140439234,1
8.312787517562104,9.157683625728616,1
0.5486829057222675,1.630025037609133,1
3.4139326339957643,0.8358956532452655,1
7.9331034797811775,8.636081809103398,1
1.956169920506744,1.5281479267806275,1
6.069509782913526,2.790449548005319,0
3.089312938312201,7.329480666149669,1
4.767634909473742,7.567980724175783,1
6.781490613716514,3.541888890402652,1
9.034061037978459,5.170708389023966,1
5.896443372511737,6.696147228586713,1
8.688636218215414,3.222965777579001,1
9.55835673221204,2.332286924158219,1
4.072609750759238,6.385423816931894,1
5.415580587655901,1.1097311824760492,1
1.580405501429264,7.213961145353598,1
7.674842226315878,9.67864124263308,1
0.7167668188404575,7.046590471888946,1
0.02961511254779503,1.5062548752546245,1
4.732740232356747,1.3243648084606308,1
9.612202886564651,2.8827910682629176,1
2.506433772655453,7.039924833656656,1
6.377004107936056,4.234322182178101,1
5.920365448746172,9.338605951936819,1
1.649438854601426,7.576549003722368,1
6.901335269963096,7.640109030542218,1
6.433228124292886,5.056595922710954,1
6.355392466993287,7.843721050914038,1
0.5944896636955177,4.400717643609454,1
2.8622552875248575,0.4372371071527337,1
4.6037198939117205,8.562843443584256,1
1.1673186563288784,8.462498163614063,1
6.5921778261035815,4.584651874555078,1
5.618319414989731,2.392363997135946,0
1.7739563138044756,8.992219574440238,1
7.063669720356806,9.609908491434929,1
2.7770596147699624,0.40814833056902367,1
9.725774385406002,0.06306191912851866,1
6.65591338162827,4.192785136957106,1
6.354965761769504,4.091467060530503,1
3.6972477805491866,0.6099478328351937,1
1.4055729030540731,7.640838051984941,1
1.7171901371124565,8.753817224575918,1
0.5754739581116475,7.2710278376925555,1
7.795609382411852,2.926372122218716,1
9.259895607097947,5.68058784116254,1
6.609817985071361,0.712502125759239,1
8.71770471074501,5.777659128259634,1
3.224046471794847,3.023305261580864,0
8.258794437542395,1.263543009380852,1
4.123290656671779,6.470623765008838,1
0.6691750954226428,0.42818606351248567,1
6.175013562133065,2.9395869881916803,0
4.784107196956282,3.6682528159046504,0
8.114929554190125,3.2994747869816266,1
5.798939934009713,1.8201860600401976,1
4.692502141357252,0.06077430541407858,1
4.441451411702204,1.8838926567685454,1
4.227449815445301,7.84842054152528,1
2.2480209800154647,6.393854672853651,1
5.93273764848057,0.29500628484046554,1
4.077909157275136,5.137063760926814,1
2.3908126778006986,0.44859265678755533,1
7.1613697611200235,5.359388356159133,1
6.056402788412663,9.142695670057403,1
3.3597690157852043,5.896341733428939,1
3.021140214629232,5.488423500702647,1
2.6158320546907063,5.9622301289057535,1
0.6934878370041908,1.920985140928484,1
4.704987044068392,9.88324429907967,1
9.015797427274011,0.5515888816612646,1
9.14118698753459,5.116192953066575,1
7.0705009587099354,6.129378707500425,1
3.1051459566442885,3.826696529287549,1
3.905175689576319,5.124456652153286,1
3.0626017575772755,9.821910375728969,1
5.368358605906295,3.5264566070231806,0
2.9900518137392518,0.6534302282521776,1
4.333437850486309,0.2859092048877665,1
4.643250979485999,5.466066218466853,1
2.1048336796460223,0.9042312245100326,1
2.57145636056796,1.3474584231474696,1
4.9114560687543705,4.169867734929962,0
2.1918551238805883,5.347281105468143,1
1.1030333370906709,3.95236083747172,1
0.026391540302319605,5.546698595308005,1
1.646426829014923,5.488756717752901,1
2.791264804294543,4.327537056169303,1
7.809474481313403,4.548721889242685,1
7.060922912435769,7.533011373810322,1
0.43012811514487215,4.331301087222207,1
7.720462498744598,5.967614363418642,1
7.601262470263528,8.375143631125702,1
8.795147073958255,1.140127085132574,1
6.570647566691296,6.294461811685469,1
0.5515392171827338,4.472437398577034,1
4.041430882322745,7.470443242033916,1
6.725933911644088,6.217549591909377,1
4.492167614145121,1.7276028278757727,1
3.648695644784634,6.681795149493492,1
3.1957690274525885,7.121163513337953,1
1.210653056846137,1.1632529214873222,1
4.779486207312863,5.287807735768336,1
2.1820511515608887,0.9094311560668555,1
7.438240456428094,9.706456197336474,1
7.497999619829362,6.962639781421473,1
8.956061885531298,4.453958471529589,1
0.5677741681392445,4.493066536219245,1
7.994616701327988,7.368924670023627,1
9.36612657351433,2.9143303138386987,1
4.70591710411064,9.029615594595846,1
5.761873253788391,0.17670861100597346,1
2.1484353902173616,5.0389884846293285,1
5.636179535964702,4.182314849606886,0
7.487692235866903,4.5712950075622025,1
6.386030859895161,8.894877888188558,1
2.871763759210663,3.3223065058744448,1
7.978969948389139,8.2682818806967,1
5.863502968930549,5.174790207522857,1
3.890353525650163,2.4023318265854856,0
0.973854899804143,0.420288443068767,1
6.10067565107138,5.378798237174812,1
8.11666262958406,4.725232118813323,1
6.888150194866408,7.620231740831519,1
9.579663052582205,5.498487664028188,1
9.677990762381668,9.841550890793261,1
0.805492487953493,8.064425597718017,1
8.476639377613116,4.080039577932326,1
4.112520282638648,2.221544553715086,0
7.360291518634004,9.286399117197574,1
5.55205000180409,7.521885215841868,1
8.111589102662784,8.988477342763,1
8.856557569945322,9.637723724193918,1
1.4598538987954601,8.786262824360588,1
5.193766939793826,2.2643082661063696,0
0.00502839041423897,1.3078867396707683,1
2.161449587786821,9.306247515205673,1
2.538566431285042,7.4132878440465975,1
8.739739234975444,7.408727606386688,1
0.423687024557452,2.0503083908446884,1
6.299820548873524,3.4550404308499516,0
3.409030814176007,5.634840504657878,1
3.346360784407204,9.546022920455401,1
1.2953945853857096,8.428982824354428,1
6.050337099470635,0.06469209337232718,1
5.748118145840278,6.370383424568049,1
0.27497118230093376,3.9804708415747534,1
7.924065158783291,5.050799727355583,1
4.023792065512545,7.017520592020727,1
6.38107186482647,9.041106585042979,1
5.091320909608639,4.8610340369087135,0
9.838075233081895,9.38400026973778,1
9.247631413044543,4.46244790554603,1
6.913444242268342,2.39238292925417,0
5.777639069169678,3.7838724455380355,0
4.359913640960639,4.444510339599742,1
7.53083138539964,1.0910736680636657,1
4.39623328725098,0.2013869305242999,1
3.008233786775861,8.920728939238188,1
9.976037132147988,8.108663271441946,1
4.285221524647888,9.187275566334941,1
5.386910660417267,8.495148170157607,1
8.022707298149678,5.295045186351325,1
6.1507820378390505,8.23642172708799,1
0.5332462685274919,1.023230397163043,1
9.219727273545242,9.865462565856266,1
9.923616583319564,7.405190905486242,1
6.6986686288987904,1.5216385358706586,1
9.833683860391837,6.023472826326357,1
0.23570258126261234,8.422420664773632,1
2.4822475499218912,9.459010517221191,1
9.139590157770579,6.516127839063897,1
9.030386628972257,2.001160914752681,1
2.587252366975583,1.4775640074561425,1
4.850176405884913,7.625506420605835,1
6.0339303742344965,8.624871534314963,1
4.906494430764319,4.816995971140788,0
8.220005710437103,2.1601842225797254,1
1.1811888844558371,1.614995435654214,1
5.667296182420988,3.622737431961436,0
1.5872183001577012,6.843289100001159,1
4.608232860929124,9.232329840364438,1
3.3695804946119545,4.682495347621317,1
9.325515948123586,4.863708777664204,1
2.754651938475512,2.534828216598022,0
8.121097530520874,0.69954051124958,1
8.18150270724636,2.380945839777228,1
9.558306950445058,1.849854795967758,1
2.7038364989028962,6.875598496591644,1
2.4766163967036245,7.36454427334885,1
7.840786900280267,0.8257723036287834,1
0.42427569199297466,2.7454912703705983,1
2.8764147530981923,0.8229000407069209,1
8.572758967494543,2.119014162686418,1
2.2247860554732215,2.3326258204170847,1
6.582399125307196,9.890198596940118,1
6.074997531625362,8.297223188692664,1
9.588836236228111,6.783511382659279,1
6.784742151294698,5.136426553900536,1
2.177906800241929,3.3323249949833187,1
0.9142333530039137,7.652324382031495,1
6.4094958857644055,7.872656206446276,1
8.05733808985096,1.3970633631350493,1
0.964861611454001,1.4027784913083596,1
6.689309830116079,7.950248634256214,1
9.243680018843149,1.678654571179723,1
3.1483611163046543,0.5980362515855264,1
1.8784647719849479,0.9389216448433313,1
8.870574893472543,7.386514800761375,1
8.761650922888943,7.342990465500927,1
6.108812406691284,0.45087644761145573,1
7.594738737177655,8.672171857089095,1
4.293924925927863,3.7506978928709445,0
5.424925901451806,8.852945189558707,1
4.233161810935236,1.0953643754833897,1
3.805099658557877,5.281949226546279,1
3.540334273598862,3.9286407817612936,1
9.87187417294717,4.208853339142938,1
3.665735016740994,7.233160547686531,1
0.07067457901636653,6.303365139230711,1
9.739711317373201,3.435342604663777,1
8.149758251678293,6.479401984182282,1
1.8293421723772663,2.7921387550510346,1
9.291091335548488,7.262596617601723,1
1.5747563930208264,2.330766632156106,1
8.938582421601467,8.983735764533478,1
7.128247851418096,1.7706983127406506,1
1.39945063874929,8.908370231728398,1
7.190860353127998,3.154148074064463,1
0.49312163748504556,4.536479723465742,1
5.110123502736706,8.305391829778591,1
6.129919844358785,3.223348499053781,0
2.8326709212264745,1.1779477669040828,1
0.3812234037791351,0.6050160573288588,1
4.621374866302857,5.705993828284051,1
4.358691703443412,4.991817362826058,1
8.883542297981073,0.5016986728278139,1
5.829550555173252,5.416576970485753,1
6.901101194177494,7.303032223779353,1
2.6634216041468637,1.3522989426124155,1
6.334813082082675,8.695662373818696,1
9.641182706733641,6.102136085450265,1
5.9453475561487865,3.2532712444626144,0
4.448487970098088,2.6057962691127234,0
4.0147095627871865,9.194756490181177,1
2.2380210784081136,8.661186152816924,1
0.6029062591968881,1.1552255092047325,1
6.092737884915534,4.4838829269647285,1
9.924425252144834,1.7866490975339966,1
9.539099817303182,1.080681568504559,1
6.556077781284685,1.1968509141997463,1
3.4598047061600656,8.794017431451685,1
9.813016509956698,0.6109684197165932,1
7.881791284233266,0.6014162874302598,1
0.8937688141286959,5.755502542558077,1
6.319508900177134,7.237276545396753,1
7.528634544379912,8.154368841117245,1
7.273400711977507,4.7299355315968326,1
0.8234373220155877,3.7803736869497353,1
6.3949519105931865,6.346064595790613,1
5.926340238858011,0.11609417806582867,1
9.806127782985106,8.835287890475781,1
3.14222185140388,6.888582450674998,1
6.353196746114024,2.244625374359104,0
0.06833206905931144,3.635677849221388,1
7.108791115797329,9.178067094405296,1
0.6275350152689818,8.081929644589344,1
1.5290697482906368,1.1854655755460963,1
5.697775300393211,4.68726261057551,1
2.8231047927592003,6.696219144249823,1
3.890891391708146,4.5786636334512245,1
6.793866311140989,2.8179787841589654,0
6.3916999911190135,9.673976632139814,1
9.644911112984582,7.161333830633541,1
0.19785339361178322,3.4564921472863555,1
6.683195767853957,8.424727953460128,1
8.229984895388156,1.996634915768225,1
4.5913860818626775,7.607112551362043,1
6.8811426196436996,6.957415949199276,1
2.4437512772662338,3.5337356548222854,1
1.9799842785002852,9.434419721268776,1
1.5571683545623394,0.17777905452001752,1
6.824741383415227,5.7312342865991805,1
6.754777641244933,8.486018288627996,1
7.905031436904668,6.612901196202464,1
9.235557040744114,4.945369319240695,1
1.5541794772023643,9.172044392259126,1
2.3746532648417498,3.6798828465960964,1
8.6324029437285,1.3772257335826343,1
8.621732096747877,7.420350672232995,1
3.529937046878928,4.99459648736273,1
9.383659965133546,1.9493625699246309,1
7.9960762988331116,7.791542334644047,1
0.13588904873497398,6.99065653180424,1
9.13816647042813,0.6748635347592702,1
4.726051553551124,1.6632287806492019,1
1.6110567758190864,3.6641807953475047,1
8.76684593812897,7.538471426951223,1
